2313	photographic image
1455	product
664	tableware
543	building
428	bottle
415	food and drink packaging
386	beverage equipment
361	manufacturing process or machinery
330	grooming
300	kitchenware
283	material
281	environmental materials
258	reference book
247	product packaging
243	bag
243	publicity and marketing material
241	fashion and costume accessory
221	food and drink
215	writing and stationery
213	periodical
205	household appliance
197	people
190	cosmetics packaging
190	recycled
187	haberdashery
185	transport
184	magazine
182	thermoplastic material
179	toiletry packaging
176	ornament
176	collectable
174	jewellery
174	media related merchandise
168	bowl
166	button
166	tube
164	audio equipment or component
163	interior
161	personal hygiene
157	materials handling
156	audio recording
152	sports equipment
148	record
148	food storage
145	furniture and furnishing
145	exterior
141	box
141	sportswear
138	beaker
135	film and television merchandise
134	food container
133	employees
131	company related merchandise
127	manufacturing process
121	camera
121	egg cup
119	office equipment
119	journal
117	lighting
115	footwear
115	confectionery packaging
114	games and accessories
111	lifestyle
111	give-away
110	marketing and publicity
109	catalogue
109	tool
106	plate
106	packet
104	radio
103	telephone
102	film camera
101	medical
94	manufacturing staff
94	newsletter
92	cutlery
88	toothbrush
86	household hygiene
83	hair styler
82	other vehicle part
81	cruet
80	brochure
79	physical well being
79	shoes
78	computer hardware
77	appliance accessory
76	baby and child care
76	company document
75	pot
74	dolls and accessories
74	pen
73	product related merchandise
73	dress
70	smoking accessory
70	machinery
69	jug
69	plumbing services
68	biodegradable
66	calculator
65	dressmaking and needlework
65	motor vehicle part
64	clock
64	cup
64	bioplastic
64	thermoset material
63	commemorative souvenir
62	brush
61	travel accessory
61	education
60	fixtures and fittings
60	feeding equipment
60	buckle
60	manufacturing and engineering
59	food and drink product
59	garden and horticultural equipment
57	laundry equipment
57	specialist interest
57	beverage accessory
57	building services
56	shaver
56	tray
56	mobile phone
56	chair
56	environmental products
55	clothing care
55	hair accessory
54	figurine
53	uniform and clothing
53	spoon
52	day dress
51	lamp
51	hospital equipment
50	kettle
50	pencil
49	hosiery
48	telephone accessory
48	knitting and crochet
48	dispenser
47	building material
46	landline telephone
46	shirt
46	character doll
45	imaginative play
44	manufacturers and designers
43	computer
42	iron
42	outerwear
42	mould
41	serving utensil
41	music equipment
41	brooch
40	underwear
39	fabric
39	pin badge
39	token
39	business and administration staff
38	hat
38	smoking storage
38	construction toy
38	materials
36	razor
36	event souvenir
36	disposable
36	travel keepsake and ephemera
36	souvenir
35	juicer
35	serving dish
35	wrapper
35	safety equipment
35	corporate publication
34	cup and saucer
34	jacket
34	body armour
34	packaging
33	coffee maker
33	electronic game
33	synthetic fibre sample
33	vehicles and accessories
33	gloves
32	cassette player
32	vacuum cleaner
32	tub
31	alarm clock
31	glasses
31	swimwear
31	leisure equipment
31	kitchen accessory
31	road and street furniture
31	plastics in general
30	food and drink merchandise
30	cigarette container
30	animal
30	ball
30	jar
29	ephemera
29	audio visual accessory
29	stockings
29	door furniture
29	extrusion
28	knife
28	music merchandise
28	lid
28	musical instrument
28	crate
27	ashtray
27	board game
27	napkin ring
27	model
27	pipe
27	environmental protection
26	fork
26	booklet
26	handbag
26	hobby equipment
26	food industry equipment
25	flask
25	bin
25	comb
25	recycled material
25	safety clothing
25	art and design in general
24	mug
24	sewing pattern
24	watch
24	equipment accessory
24	manual aid
24	candle holder
24	organisation merchandise
24	report
24	press release
23	frame
23	watering device
23	grooming set
23	sewing thread
23	tap
22	lighter
22	food processor
22	measuring equipment
22	leisurewear
22	storage container
22	culture, society, and politics
21	toy appliance
21	evening dress
21	shaped pieces
21	magazines and newspapers
20	book
20	televisual equipment or component
20	picnic set
20	coat
20	flower
20	reusable product
20	injection moulding
20	knitting needles
20	document
20	quality assurance
19	torch
19	photographic accessory
19	mantel clock
19	protective equipment
19	computer game
19	manufacturing company merchandise
19	retail company merchandise
19	electrical services
19	container
19	hardware
18	personal music player
18	shade
18	viewing equipment
18	necklace
18	equipment
18	table set
18	student made work
18	plumbing part
18	presentation script
17	campaign related material
17	darkroom equipment
17	phone card
17	desk tidy
17	beach toy
17	poster
16	toaster
16	computer accessory
16	scarf
16	charity product
16	headgear
16	creative play
16	tote
16	advert
16	earrings
16	current affairs magazine
16	museums, collections, and exhibitions
15	butter dish
15	transparency viewer
15	blouse
15	puzzle
15	vase
15	mirror
15	tights
15	medicine dispenser
15	clothing
15	can
15	scientific equipment
15	painting equipment
15	specific objects
14	calendar
14	bra
14	bracelet
14	sports souvenir
14	coat hanger
14	robot
14	car
14	soap holder
14	vehicle or vehicle part
13	powder bowl
13	manicure equipment
13	typewriter
13	preserves pot
13	tea set
13	shaving accessory
13	advertising
13	location souvenir
13	training accessory
13	sailing equipment
12	tin
12	record player
12	light fitting
12	movie camera
12	3D puzzle
12	kit
12	child development
12	t-shirt
12	drinks container
12	dental equipment
12	bicycle part
12	gaming pieces
12	respiratory protection
11	bank and finance company merchandise
11	trousers
11	knitting pattern
11	cake stand
11	plant pot
11	scoop
11	computer software
11	socks
11	light switch
10	record storage
10	television
10	mouse mat
10	jumper
10	sifter
10	saucer
10	interactive
10	storage pot
10	boots
10	activity game
10	weapon
10	toiletries product
10	dish
10	storage
10	baby and pre-school toys
10	spacecraft
10	racket
10	trade equipment
10	vape
10	cable
9	tea maker
9	knitwear
9	skirt
9	preserves dish
9	table mat
9	knitting accessory
9	personality merchandise
9	recyclable
9	peeler
9	money box
9	umbrella
9	table
9	collar
9	developing tank
9	washing equipment
9	casting
9	seat
9	cutting
9	musical instrument accessory
9	padding
8	fashion
8	dictation machine
8	massager
8	glass
8	eyewear
8	bricks
8	film
8	suit
8	formal jacket
8	flash unit
8	case
8	humanoid
8	cassette tape
8	mobile phone case
8	paperback
8	toothbrush holder
8	baby doll
8	model kit
8	mobile phone charm
8	reduced resource use
8	natural plastic
8	shoehorn
8	stopper
8	wall plaque
8	lid opener
8	vehicle accessory
8	sports surface
8	fabrication
8	socket
8	paver
8	note
8	cigarette holder
8	postal equipment
8	media-related toy
7	timer
7	coffee pot
7	mouse
7	uniform accessory
7	teapot
7	food grater
7	dustpan
7	visual stimulation
7	knickers
7	tin opener
7	digital camera
7	manual game
7	sewing accessory
7	inkwell
7	DIY
7	board
7	prosthesis
7	body support
7	fishing equipment
7	drainage services
7	shrink wrapping
6	food chopper
6	heater
6	petticoat
6	plant cache pot
6	clothes brush
6	yarn holder
6	mixing equipment
6	soft furnishings
6	stapler
6	eye protection
6	backpack
6	fly swat
6	vegetable brush
6	gaming merchandise
6	rule
6	hand fan
6	retail display
6	wall hook
6	clothes peg
6	craft set
6	notepad
6	floor covering
6	recycling company merchandise
6	instrument
6	washing up equipment
6	paper knife
6	military equipment
6	coating
6	guttering
6	sign
6	collection care
5	current affairs
5	photographic outcome
5	cream maker
5	keyboard
5	soft drink maker
5	tobacco container
5	transport merchandise
5	aerial
5	cardigan
5	women's suit
5	A-line skirt
5	whisk
5	televisual recording
5	gross motor skills
5	seasonal decoration
5	fairy lights
5	vanity set
5	smoking packaging
5	wall clock
5	air freshener
5	designer toy
5	feminine hygiene
5	sugar dispenser
5	beauty accessory
5	hand tool
5	bedtime equipment
5	pen holder
5	baking equipment
5	maquette
5	speaker
5	tape dispenser
5	outside surface
5	tape measure
5	rattle
5	correspondence
5	printing
5	implant
5	light accessory
5	road marking
5	building process
4	album
4	printer
4	icing utensil
4	video player
4	women's trousers
4	pants
4	cheese dish
4	doorstop
4	sauce server
4	rolling pin
4	vanity case
4	nail brush
4	food slicer
4	scissors
4	casual jacket
4	video tape
4	editing equipment
4	sports toy
4	pencil sharpener
4	biscuit container
4	ceremonial wear
4	CD storage
4	men's shirt
4	external disk drive
4	educational toy
4	colander
4	headphones
4	music book
4	information storage
4	leaflet
4	magnifying glass
4	address book
4	component
4	sports team merchandise
4	carton
4	inflatable
4	action figure
4	pencil case
4	ladle
4	magazine or newspaper clipping
4	food crusher
4	microwave dish
4	frisbee
4	tile
4	stair carpet clip
4	cool box
4	fins
4	designer made work
4	connector
4	glove stretcher
4	plug
4	repair kit
4	stand
4	pen tray
4	carrier
4	design artwork
4	drinking water aid
4	cuff
4	light
4	dental floss
4	semi-synthetic fibre sample
4	protection
4	trade show display
3	toiletries and medical merchandise
3	handbook
3	reel-to-reel tape recorder
3	remote control
3	visual display unit
3	bed warmer
3	fan
3	foundation garment
3	floor polisher
3	ironing accessory
3	shorts
3	darning aid
3	contact lens
3	cocktail accessory
3	salad spinner
3	natural fibre sample
3	fashion doll
3	suspender belt
3	shawl
3	nightwear
3	one-piece suit
3	yo-yo
3	lorry
3	number game
3	men's suit
3	toothpick dispenser
3	vehicle
3	men's trousers
3	food basket
3	trowel
3	tie
3	cake container
3	cape
3	cassette tape storage
3	first aid
3	bath brush
3	negative
3	cuff links
3	egg separator
3	spiritual well being
3	lighting accessory
3	bathing equipment
3	circuit board
3	pomander
3	soft toy
3	coaster
3	personal protection
3	joystick
3	apron
3	floppy disk
3	hardback
3	vest
3	chopping board
3	card
3	handle
3	thimble
3	snuff container
3	vacuum forming
3	hotel merchandise
3	picture shapes
3	yarn
3	grinding or polishing
3	audible stimulation
3	fine motor skills
3	activity toy
3	tea strainer
3	toy food
3	play mat
3	money
3	audio accessory
3	blanket
3	tracker
3	clippings
3	basket
3	structure
3	pendant
3	shuttlecock
3	organisation sign
3	toast rack
3	widget
3	flood defence
3	textile piece
3	writing set
3	blow moulding
2	sewing publication
2	communication
2	food mincer
2	cocktail shaker
2	therapy lamp
2	women's shorts
2	transparency projector
2	women's shirt
2	garage
2	label maker
2	caster holder
2	blocks
2	hi-fi system
2	yoghurt maker
2	sewing machine
2	pull-along
2	clothes hanger
2	answer machine
2	glasses case
2	aircraft
2	tongs
2	ear-cleaning set
2	embroidery
2	mask
2	business card holder
2	audio visual accessory kit
2	magazine rack
2	mouldable material
2	toys
2	throw toy
2	hands free kit
2	microphone
2	synthesizer
2	piano roll
2	knitting or sewing magazine
2	design equipment
2	smoking merchandise
2	towel rail
2	cigarette packet
2	bread bin
2	toilet
2	collar studs
2	art equipment
2	bath toy
2	linguistic
2	word game
2	CD player
2	toasting equipment
2	egg cooker
2	alarm
2	cartridge
2	slip
2	developing tray
2	notepad holder
2	pill box
2	power tool
2	ice pack
2	spice processor
2	kite
2	support
2	saddle
2	squeegee
2	fishing accessory
2	mp3 player
2	poncho
2	sample
2	sieve
2	sieving
2	bedding
2	desk sponge moistener
2	tie press
2	pin holder
2	trivet
2	equipment surface
2	footwear accessory
2	vesta case
2	bookmark
2	book rack
2	paper clip
2	fruit
2	ink bottle holder
2	furniture
2	zip
2	coverall
2	toileting
2	matchbook case
2	plant
2	ice-lolly set
2	camping equipment
2	coat rack
2	bucket
2	laundry accessory
2	robe
2	3D printing
2	shoulder bag
2	compression moulding
2	measure
2	transformer
2	whistle
2	talisman
2	tobacco packet
2	plant protector
2	needle holder
2	mowing equipment
2	bathroom accessory
2	delivery
1	pattern paper
1	annual
1	seasonal
1	christmas
1	jewellery cleaner
1	correction device
1	mini skirt
1	sponge
1	PA system
1	stereogram
1	cosmetics bag
1	cheese board
1	camera case
1	flight kit
1	pencil topper
1	sweatshirt
1	waist pack
1	fridge magnet
1	tea dispenser
1	cosmetic case
1	fryer
1	lens
1	purse
1	masher
1	cine projector
1	pyjama suit
1	snorkel
1	car phone
1	titling outfit
1	film editor
1	van
1	skis
1	automatic dish siphon
1	logic puzzle
1	knitting machine
1	tank
1	dress-up
1	fire engine
1	pencil skirt
1	hand warmer
1	CD
1	volume control
1	pick up
1	umbrella stand
1	bridesmaid dress
1	bed jacket
1	wedding dress
1	slipper
1	snow globe
1	scientific
1	emailer
1	controller
1	graphics pad
1	web cam
1	nail embellishment
1	cable tidy
1	bodice
1	boob-tube
1	knitting publication
1	sewing machine accessory
1	refrigerator
1	information pack
1	art product
1	scrap book
1	electrolysis machine
1	preview screen
1	microwave oven
1	meditation aid
1	loom
1	sleeve protectors
1	carpet sweeper
1	sewing machine case
1	stocking toe protectors
1	soap
1	bolero
1	design company merchandise
1	trolley
1	printed media merchandise
1	fax machine
1	modem
1	amplifier
1	personal organiser
1	smoking product
1	coffee set
1	pressure cooker
1	comic
1	oven mitt
1	stocking dye
1	beauty kit
1	light pen
1	plastics construction
1	grooming equipment
1	negative mask
1	utilities company merchandise
1	transport product
1	desk set
1	developer bottle
1	MiniDisc player
1	hairdryer
1	flash bulb
1	thermometer
1	data cassette recorder
1	graphic novel
1	napkin
1	novelty
1	garden ornament
1	window decoration
1	automatic button attacher
1	horn
1	kerb
1	night dress
1	electrical connector
1	pastry cutter
1	clothing company merchandise
1	paddle
1	pin
1	brake pad
1	accessory set
1	tea caddy
1	luggage
1	non-skid pad
1	computing company merchandise
1	hole punch
1	medical product
1	set square
1	footwear shaper
1	needle
1	audio visual company merchandise
1	table decoration
1	letter rack
1	mobile
1	ring
1	ticket
1	fastening
1	cable collar
1	external hard drive
1	plunger
1	reel-to-reel tape
1	biodegradable material
1	8-track cartridge
1	sticker
1	photographic print
1	MiniDisc
1	numeric
1	monitoring
1	drying aid
1	vehicle part
1	picture book
1	learning aid
1	interview transcript
1	laser videodisc
1	growing system
1	handkerchief box
1	communications equipment
1	rug making tool
1	belt
1	matchbox
1	drawing pin
1	drainer
1	make-up accessory
1	drainage pipe
1	denture box
1	wheelchair
1	political material
1	nutcracker
1	cooker
1	clip
1	media storage
1	spatula
1	fuse box
1	bath
1	carafe
1	test equipment
1	eraser
1	dressmakers mannequin
1	label
1	thermoforming
1	instruction card
1	panel
1	hat pin
1	page turner
1	drawing instrument
1	bodysuit
1	wallet
1	tile puzzle
1	storage box
1	cover
1	jigsaw puzzle
1	veterinary equipment
1	television accessory
1	pedagogy
