source,target,relation
https://ontology.tesseract.academy/modip/object/b2a454ee-a6e2-3b0d-a260-d2927111a6a9,https://ontology.tesseract.academy/modip/object/37ccc18b-9145-3cac-8519-e70a76639580,P67_refers_to
https://ontology.tesseract.academy/modip/object/37ccc18b-9145-3cac-8519-e70a76639580,https://ontology.tesseract.academy/modip/object/b2a454ee-a6e2-3b0d-a260-d2927111a6a9,P67_refers_to
https://ontology.tesseract.academy/modip/object/fe212569-6e45-3b10-b37e-3e56658c9b25,https://ontology.tesseract.academy/modip/object/53070e46-657e-30f4-b6a0-47ca07683f1b,P67_refers_to
https://ontology.tesseract.academy/modip/object/53070e46-657e-30f4-b6a0-47ca07683f1b,https://ontology.tesseract.academy/modip/object/fe212569-6e45-3b10-b37e-3e56658c9b25,P67_refers_to
https://ontology.tesseract.academy/modip/object/596d1086-6e51-3078-9deb-908b714f5e50,https://ontology.tesseract.academy/modip/object/e89e657c-7251-3807-b462-7f814600b700,P67_refers_to
https://ontology.tesseract.academy/modip/object/4e5aa917-5dbc-3dd7-bfe6-3d11bfdb7d30,https://ontology.tesseract.academy/modip/object/a28164fa-3f1e-3d4e-a692-d76bed910c7f,P67_refers_to
https://ontology.tesseract.academy/modip/object/a28164fa-3f1e-3d4e-a692-d76bed910c7f,https://ontology.tesseract.academy/modip/object/4e5aa917-5dbc-3dd7-bfe6-3d11bfdb7d30,P67_refers_to
https://ontology.tesseract.academy/modip/object/ccdbf2f8-e1de-377b-a339-c19057f27628,https://ontology.tesseract.academy/modip/object/941e62ed-12af-3a72-890d-d3c91b5bafb2,P67_refers_to
https://ontology.tesseract.academy/modip/object/ec4562fd-b25f-3b7b-b419-10c6216f01e2,https://ontology.tesseract.academy/modip/object/fe952305-3285-3074-82fe-b8fa176feb6b,P67_refers_to
https://ontology.tesseract.academy/modip/object/4542a19c-2060-3932-9ed8-a692428059ff,https://ontology.tesseract.academy/modip/object/ddd5c1dc-9f36-380a-9b06-0753902b10e4,P130_shows_features_of
https://ontology.tesseract.academy/modip/object/ddd5c1dc-9f36-380a-9b06-0753902b10e4,https://ontology.tesseract.academy/modip/object/4542a19c-2060-3932-9ed8-a692428059ff,P130_shows_features_of
https://ontology.tesseract.academy/modip/object/2eb65d12-28b2-3fd7-90bf-35da0605411a,https://ontology.tesseract.academy/modip/object/787ff31d-f65f-3326-8d99-ce095d461df8,P130_shows_features_of
https://ontology.tesseract.academy/modip/object/2eb65d12-28b2-3fd7-90bf-35da0605411a,https://ontology.tesseract.academy/modip/object/1900affc-d85c-3d41-ad56-11bcc7c02b5f,P130_shows_features_of
https://ontology.tesseract.academy/modip/object/cb2438c8-8816-3741-8792-a41a5d29cca3,https://ontology.tesseract.academy/modip/object/2d14f6a7-7686-3d9d-97eb-1e11682ebb38,P67_refers_to
https://ontology.tesseract.academy/modip/object/e1762d69-ee5f-3672-a4c9-a442bb9b7ee2,https://ontology.tesseract.academy/modip/object/53333b30-edb4-322a-9e47-463502ddc259,P67_refers_to
https://ontology.tesseract.academy/modip/object/9576683b-3e7f-39d1-be81-e48500638b0b,https://ontology.tesseract.academy/modip/object/73e46f25-1f88-30c8-b264-1c5565630ab8,P67_refers_to
https://ontology.tesseract.academy/modip/object/73e46f25-1f88-30c8-b264-1c5565630ab8,https://ontology.tesseract.academy/modip/object/9576683b-3e7f-39d1-be81-e48500638b0b,P67_refers_to
https://ontology.tesseract.academy/modip/object/d39440b8-cc96-3ce3-8093-b385c060a610,https://ontology.tesseract.academy/modip/object/bcd63506-0c3e-3510-97e1-30b63de885e6,P67_refers_to
https://ontology.tesseract.academy/modip/object/764cb630-1862-3bf6-bcb4-42c3324d08e8,https://ontology.tesseract.academy/modip/object/7b0f9bae-e6a5-31af-a64d-3cdf11d713b3,P130_shows_features_of
https://ontology.tesseract.academy/modip/object/764cb630-1862-3bf6-bcb4-42c3324d08e8,https://ontology.tesseract.academy/modip/object/4ff8bb92-a7a5-38ad-877e-10e516f2ac29,P130_shows_features_of
https://ontology.tesseract.academy/modip/object/cde435ef-5bd2-3e5d-9f4b-8887669a6c05,https://ontology.tesseract.academy/modip/object/a762317f-52e2-31b8-991f-1d88daf4b097,P67_refers_to
https://ontology.tesseract.academy/modip/object/dba5bcfc-d367-38b5-9d0f-ac6f7ef3b427,https://ontology.tesseract.academy/modip/object/719084db-36c2-3a40-991b-8045db6e4717,P67_refers_to
https://ontology.tesseract.academy/modip/object/719084db-36c2-3a40-991b-8045db6e4717,https://ontology.tesseract.academy/modip/object/dba5bcfc-d367-38b5-9d0f-ac6f7ef3b427,P67_refers_to
https://ontology.tesseract.academy/modip/object/eb33761a-f50c-3fdf-bf54-4e619e970b33,https://ontology.tesseract.academy/modip/object/a1f24262-c80d-35fd-9b21-8ebcd3194a8d,P67_refers_to
https://ontology.tesseract.academy/modip/object/e278d4ef-1d79-3aa4-9d1f-433a04909027,https://ontology.tesseract.academy/modip/object/b7ab5f77-78b8-3b5c-90cb-d0cfeb87d120,P67_refers_to
https://ontology.tesseract.academy/modip/object/a1f24262-c80d-35fd-9b21-8ebcd3194a8d,https://ontology.tesseract.academy/modip/object/eb33761a-f50c-3fdf-bf54-4e619e970b33,P67_refers_to
https://ontology.tesseract.academy/modip/object/e89e657c-7251-3807-b462-7f814600b700,https://ontology.tesseract.academy/modip/object/596d1086-6e51-3078-9deb-908b714f5e50,P67_refers_to
https://ontology.tesseract.academy/modip/object/2e440447-5e96-3553-9167-a1c8ab8dd405,https://ontology.tesseract.academy/modip/object/1fb63541-9120-3509-834a-c53c16cd25f9,P67_refers_to
https://ontology.tesseract.academy/modip/object/347aa47f-6fb5-3f9c-aa30-503e5c67887b,https://ontology.tesseract.academy/modip/object/f641fe4c-a0ad-34e3-a4b9-521febb127d2,P67_refers_to
https://ontology.tesseract.academy/modip/object/9fbacdd5-bc28-3847-a440-4597e08d1fb6,https://ontology.tesseract.academy/modip/object/f641fe4c-a0ad-34e3-a4b9-521febb127d2,P67_refers_to
https://ontology.tesseract.academy/modip/object/331b02f9-884b-33a8-92af-81226630638e,https://ontology.tesseract.academy/modip/object/f641fe4c-a0ad-34e3-a4b9-521febb127d2,P67_refers_to
https://ontology.tesseract.academy/modip/object/9b7fe1d8-aa9d-3fb5-9ea4-543ac6e4118e,https://ontology.tesseract.academy/modip/object/b9337763-76a2-37c8-b824-419bcf3cae85,P67_refers_to
https://ontology.tesseract.academy/modip/object/9b7fe1d8-aa9d-3fb5-9ea4-543ac6e4118e,https://ontology.tesseract.academy/modip/object/f115884c-00dd-3f49-a662-a8384059cc15,P67_refers_to
https://ontology.tesseract.academy/modip/object/34b167ba-d607-3316-970d-6f297a3d1d90,https://ontology.tesseract.academy/modip/object/e2fe937f-7e97-388d-b6c3-8263e220a0f9,P67_refers_to
https://ontology.tesseract.academy/modip/object/d5217556-f5e9-3b72-b8d0-d3d433cd1b56,https://ontology.tesseract.academy/modip/object/c05ed814-15c7-3bbf-9dde-9b1bb0a11a0a,P67_refers_to
https://ontology.tesseract.academy/modip/object/c05ed814-15c7-3bbf-9dde-9b1bb0a11a0a,https://ontology.tesseract.academy/modip/object/d5217556-f5e9-3b72-b8d0-d3d433cd1b56,P67_refers_to
https://ontology.tesseract.academy/modip/object/99d800a2-b0be-3da5-8696-4fcb8a1eb092,https://ontology.tesseract.academy/modip/object/ad218315-ed9e-3ac7-8f15-c19eb91447a1,P67_refers_to
https://ontology.tesseract.academy/modip/object/99d800a2-b0be-3da5-8696-4fcb8a1eb092,https://ontology.tesseract.academy/modip/object/40cfe156-19bf-3224-afe7-68326c9f9a7a,P67_refers_to
https://ontology.tesseract.academy/modip/object/12cb0f37-3819-345c-8730-ca206830c38a,https://ontology.tesseract.academy/modip/object/ad218315-ed9e-3ac7-8f15-c19eb91447a1,P67_refers_to
https://ontology.tesseract.academy/modip/object/12cb0f37-3819-345c-8730-ca206830c38a,https://ontology.tesseract.academy/modip/object/40cfe156-19bf-3224-afe7-68326c9f9a7a,P67_refers_to
https://ontology.tesseract.academy/modip/object/1eccf49e-84af-3155-8cdc-0d0cf4158668,https://ontology.tesseract.academy/modip/object/a175bbe8-7ac4-3750-93c3-1df4bac83615,P67_refers_to
https://ontology.tesseract.academy/modip/object/3c0458da-7379-3fc9-8c22-c447b053f8ef,https://ontology.tesseract.academy/modip/object/5b14492c-a276-39a3-88a6-9d959d9aff90,P130_shows_features_of
https://ontology.tesseract.academy/modip/object/4b1504e8-0835-3a40-96fd-6aa2e147f3fb,https://ontology.tesseract.academy/modip/object/a567fc4f-34f1-362e-8a2b-45f47e2fe06e,P67_refers_to
https://ontology.tesseract.academy/modip/object/69928fe1-f95f-3a09-9cd4-bcf9f8dda523,https://ontology.tesseract.academy/modip/object/e4df5a78-8e78-3356-b5ce-ee830141daa8,P130_shows_features_of
https://ontology.tesseract.academy/modip/object/a567fc4f-34f1-362e-8a2b-45f47e2fe06e,https://ontology.tesseract.academy/modip/object/4b1504e8-0835-3a40-96fd-6aa2e147f3fb,P67_refers_to
https://ontology.tesseract.academy/modip/object/1029ed16-f35d-3cb0-b623-72119c8ea671,https://ontology.tesseract.academy/modip/object/9995f2f7-3014-3499-9527-05c130e5ab92,P67_refers_to
https://ontology.tesseract.academy/modip/object/1029ed16-f35d-3cb0-b623-72119c8ea671,https://ontology.tesseract.academy/modip/object/285b501f-a4f6-39a0-abc1-0720c970b696,P67_refers_to
https://ontology.tesseract.academy/modip/object/e4df5a78-8e78-3356-b5ce-ee830141daa8,https://ontology.tesseract.academy/modip/object/69928fe1-f95f-3a09-9cd4-bcf9f8dda523,P67_refers_to
https://ontology.tesseract.academy/modip/object/9995f2f7-3014-3499-9527-05c130e5ab92,https://ontology.tesseract.academy/modip/object/1029ed16-f35d-3cb0-b623-72119c8ea671,P67_refers_to
https://ontology.tesseract.academy/modip/object/9995f2f7-3014-3499-9527-05c130e5ab92,https://ontology.tesseract.academy/modip/object/285b501f-a4f6-39a0-abc1-0720c970b696,P67_refers_to
https://ontology.tesseract.academy/modip/object/285b501f-a4f6-39a0-abc1-0720c970b696,https://ontology.tesseract.academy/modip/object/9995f2f7-3014-3499-9527-05c130e5ab92,P67_refers_to
https://ontology.tesseract.academy/modip/object/285b501f-a4f6-39a0-abc1-0720c970b696,https://ontology.tesseract.academy/modip/object/1029ed16-f35d-3cb0-b623-72119c8ea671,P67_refers_to
https://ontology.tesseract.academy/modip/object/7e2365c9-be34-322e-b0de-1c0b73d588e7,https://ontology.tesseract.academy/modip/object/9d4b4526-5d3e-393f-8478-e9966afd8007,P67_refers_to
https://ontology.tesseract.academy/modip/object/40a91b69-3ab5-38cc-9d73-84be999ca59a,https://ontology.tesseract.academy/modip/object/76755d74-39a3-38db-8b3c-0541f3d38a0e,P67_refers_to
https://ontology.tesseract.academy/modip/object/9d4b4526-5d3e-393f-8478-e9966afd8007,https://ontology.tesseract.academy/modip/object/7e2365c9-be34-322e-b0de-1c0b73d588e7,P67_refers_to
https://ontology.tesseract.academy/modip/object/9bc18e38-7e05-3466-b6ea-7ae9067387e3,https://ontology.tesseract.academy/modip/object/b19fba60-3883-3160-b09f-c0884788790c,P67_refers_to
https://ontology.tesseract.academy/modip/object/4dc5776d-f953-3d84-9ea1-568d70daae14,https://ontology.tesseract.academy/modip/object/b19fba60-3883-3160-b09f-c0884788790c,P67_refers_to
https://ontology.tesseract.academy/modip/object/651a6881-8d68-32c3-b91d-e460d5b07d49,https://ontology.tesseract.academy/modip/object/b19fba60-3883-3160-b09f-c0884788790c,P67_refers_to
https://ontology.tesseract.academy/modip/object/42927bc6-cac6-3c13-98f0-0c2caf381f3f,https://ontology.tesseract.academy/modip/object/b19fba60-3883-3160-b09f-c0884788790c,P67_refers_to
https://ontology.tesseract.academy/modip/object/85d92328-930e-3c2d-8d88-e3759e6d55fa,https://ontology.tesseract.academy/modip/object/06e084ba-84dd-39bd-8620-47d62af50b4e,P67_refers_to
https://ontology.tesseract.academy/modip/object/06e084ba-84dd-39bd-8620-47d62af50b4e,https://ontology.tesseract.academy/modip/object/85d92328-930e-3c2d-8d88-e3759e6d55fa,P67_refers_to
https://ontology.tesseract.academy/modip/object/737cdab2-f81e-3486-8273-bd146f085f81,https://ontology.tesseract.academy/modip/object/a9a5b498-2b96-32ee-9dcf-6a8a64842aac,P67_refers_to
https://ontology.tesseract.academy/modip/object/737cdab2-f81e-3486-8273-bd146f085f81,https://ontology.tesseract.academy/modip/object/22539d3a-e31d-38cb-8c31-f35b041a4466,P67_refers_to
https://ontology.tesseract.academy/modip/object/a9a5b498-2b96-32ee-9dcf-6a8a64842aac,https://ontology.tesseract.academy/modip/object/737cdab2-f81e-3486-8273-bd146f085f81,P67_refers_to
https://ontology.tesseract.academy/modip/object/a9a5b498-2b96-32ee-9dcf-6a8a64842aac,https://ontology.tesseract.academy/modip/object/22539d3a-e31d-38cb-8c31-f35b041a4466,P67_refers_to
https://ontology.tesseract.academy/modip/object/22539d3a-e31d-38cb-8c31-f35b041a4466,https://ontology.tesseract.academy/modip/object/737cdab2-f81e-3486-8273-bd146f085f81,P67_refers_to
https://ontology.tesseract.academy/modip/object/22539d3a-e31d-38cb-8c31-f35b041a4466,https://ontology.tesseract.academy/modip/object/a9a5b498-2b96-32ee-9dcf-6a8a64842aac,P67_refers_to
https://ontology.tesseract.academy/modip/object/d8b1e5f3-d1d4-305a-9ca3-72f6901faeaf,https://ontology.tesseract.academy/modip/object/1019b585-75f5-3901-adb1-f3da13b5d621,P130_shows_features_of
https://ontology.tesseract.academy/modip/object/1019b585-75f5-3901-adb1-f3da13b5d621,https://ontology.tesseract.academy/modip/object/d8b1e5f3-d1d4-305a-9ca3-72f6901faeaf,P130_shows_features_of
https://ontology.tesseract.academy/modip/object/4aec943e-9d7a-3bd9-b6f6-66f84403feeb,https://ontology.tesseract.academy/modip/object/c9c3fcf3-fbb9-3f2c-91a2-97973e49de25,P130_shows_features_of
https://ontology.tesseract.academy/modip/object/76902051-a31a-32ad-bfac-4d29406f1d45,https://ontology.tesseract.academy/modip/object/4aec943e-9d7a-3bd9-b6f6-66f84403feeb,P130_shows_features_of
https://ontology.tesseract.academy/modip/object/c9c3fcf3-fbb9-3f2c-91a2-97973e49de25,https://ontology.tesseract.academy/modip/object/4aec943e-9d7a-3bd9-b6f6-66f84403feeb,P130_shows_features_of
https://ontology.tesseract.academy/modip/object/454922dd-8c37-328a-8635-524ba9eaa0f8,https://ontology.tesseract.academy/modip/object/a699d8a3-b184-3025-bb64-95f116f94119,P67_refers_to
https://ontology.tesseract.academy/modip/object/a699d8a3-b184-3025-bb64-95f116f94119,https://ontology.tesseract.academy/modip/object/454922dd-8c37-328a-8635-524ba9eaa0f8,P67_refers_to
https://ontology.tesseract.academy/modip/object/40a2e881-61ce-365d-84f1-949bb2af9af3,https://ontology.tesseract.academy/modip/object/25f24091-fb00-3d9c-b8f1-6c0df9568e6d,P67_refers_to
https://ontology.tesseract.academy/modip/object/25f24091-fb00-3d9c-b8f1-6c0df9568e6d,https://ontology.tesseract.academy/modip/object/40a2e881-61ce-365d-84f1-949bb2af9af3,P67_refers_to
https://ontology.tesseract.academy/modip/object/4a6bf254-6978-3433-a57d-d86c5c4b5af6,https://ontology.tesseract.academy/modip/object/b9337763-76a2-37c8-b824-419bcf3cae85,P67_refers_to
https://ontology.tesseract.academy/modip/object/f115884c-00dd-3f49-a662-a8384059cc15,https://ontology.tesseract.academy/modip/object/b9337763-76a2-37c8-b824-419bcf3cae85,P67_refers_to
https://ontology.tesseract.academy/modip/object/855fda7c-1f25-3845-aa5f-79d0f4b27802,https://ontology.tesseract.academy/modip/object/f115884c-00dd-3f49-a662-a8384059cc15,P130_shows_features_of
https://ontology.tesseract.academy/modip/object/2db315e4-f795-37d4-bcc7-e71c7b0ae4e8,https://ontology.tesseract.academy/modip/object/229acd2c-f651-391e-aa9a-7a7c08a22404,P67_refers_to
https://ontology.tesseract.academy/modip/object/414bfa89-a953-3ffe-85cb-a6f94009676a,https://ontology.tesseract.academy/modip/object/9ff75e73-26d2-324e-bbdf-ba5e1833e09e,P67_refers_to
https://ontology.tesseract.academy/modip/object/746c0919-8e93-39bc-a6d5-2bc79c64723d,https://ontology.tesseract.academy/modip/object/9998124e-98a1-350d-bd7a-dc9f270df966,P130_shows_features_of
https://ontology.tesseract.academy/modip/object/ef8e6ae5-8041-3b80-81b5-b2fb22974cca,https://ontology.tesseract.academy/modip/object/7a90dbbc-5ca6-3ee1-8cbc-6f39662a6f53,P67_refers_to
https://ontology.tesseract.academy/modip/object/f70e6f95-6124-3f8d-bdc9-1e897bc22890,https://ontology.tesseract.academy/modip/object/9b00a9ef-baff-3173-adc6-475097a4ad3e,P67_refers_to
https://ontology.tesseract.academy/modip/object/022c66c5-800f-36ee-86db-a927117b2229,https://ontology.tesseract.academy/modip/object/834285e2-15e3-3278-81b9-f50586624a7e,P67_refers_to
https://ontology.tesseract.academy/modip/object/022c66c5-800f-36ee-86db-a927117b2229,https://ontology.tesseract.academy/modip/object/e2b18be7-a6f6-3118-82bc-3c719916c6f6,P67_refers_to
https://ontology.tesseract.academy/modip/object/df2329ac-a378-318a-9ec4-394788c4340d,https://ontology.tesseract.academy/modip/object/85087ae1-24bc-3d60-a5b6-a3c82c769706,P67_refers_to
https://ontology.tesseract.academy/modip/object/9b00a9ef-baff-3173-adc6-475097a4ad3e,https://ontology.tesseract.academy/modip/object/f70e6f95-6124-3f8d-bdc9-1e897bc22890,P67_refers_to
https://ontology.tesseract.academy/modip/object/217bad78-7246-36bd-bd47-21051f6a9cfd,https://ontology.tesseract.academy/modip/object/0e89633c-f572-3861-a861-ac221535f797,P67_refers_to
https://ontology.tesseract.academy/modip/object/32486417-6366-3fb3-b7c8-3e8c76085cc0,https://ontology.tesseract.academy/modip/object/764cb630-1862-3bf6-bcb4-42c3324d08e8,P67_refers_to
https://ontology.tesseract.academy/modip/object/143f2f69-26e9-3fd1-b5e0-5fc9f9622f11,https://ontology.tesseract.academy/modip/object/764cb630-1862-3bf6-bcb4-42c3324d08e8,P67_refers_to
https://ontology.tesseract.academy/modip/object/e28d234b-67d7-3fdb-886f-aa8b44a83eb9,https://ontology.tesseract.academy/modip/object/d0017afc-745b-3847-9e31-b728df59c734,P67_refers_to
https://ontology.tesseract.academy/modip/object/898437af-4473-3120-b256-e02802ee7c7e,https://ontology.tesseract.academy/modip/object/fed1fc53-bba4-3a3b-9edf-1521333948dd,P67_refers_to
https://ontology.tesseract.academy/modip/object/11946f8d-9127-388d-8c79-9de314aa8022,https://ontology.tesseract.academy/modip/object/6c44fd62-6fce-3f3a-82cc-a0a29c9cc309,P67_refers_to
https://ontology.tesseract.academy/modip/object/5e1c09e7-aa87-39ff-b823-7227865b3bdf,https://ontology.tesseract.academy/modip/object/f146c2b1-5fb1-3e58-aa59-906d98016adb,P67_refers_to
https://ontology.tesseract.academy/modip/object/5e1c09e7-aa87-39ff-b823-7227865b3bdf,https://ontology.tesseract.academy/modip/object/0cfa0f2e-3faa-3f4c-8fee-30a2140fd6d0,P67_refers_to
https://ontology.tesseract.academy/modip/object/30487ab5-8c37-3826-9fcb-541c6a0f58eb,https://ontology.tesseract.academy/modip/object/d0017afc-745b-3847-9e31-b728df59c734,P67_refers_to
https://ontology.tesseract.academy/modip/object/30487ab5-8c37-3826-9fcb-541c6a0f58eb,https://ontology.tesseract.academy/modip/object/0e89633c-f572-3861-a861-ac221535f797,P67_refers_to
https://ontology.tesseract.academy/modip/object/f146c2b1-5fb1-3e58-aa59-906d98016adb,https://ontology.tesseract.academy/modip/object/0cfa0f2e-3faa-3f4c-8fee-30a2140fd6d0,P67_refers_to
https://ontology.tesseract.academy/modip/object/f146c2b1-5fb1-3e58-aa59-906d98016adb,https://ontology.tesseract.academy/modip/object/5e1c09e7-aa87-39ff-b823-7227865b3bdf,P67_refers_to
https://ontology.tesseract.academy/modip/object/0cfa0f2e-3faa-3f4c-8fee-30a2140fd6d0,https://ontology.tesseract.academy/modip/object/f146c2b1-5fb1-3e58-aa59-906d98016adb,P67_refers_to
https://ontology.tesseract.academy/modip/object/0cfa0f2e-3faa-3f4c-8fee-30a2140fd6d0,https://ontology.tesseract.academy/modip/object/5e1c09e7-aa87-39ff-b823-7227865b3bdf,P67_refers_to
https://ontology.tesseract.academy/modip/object/b919c92e-572d-31c6-8e3c-17db89b0ec9b,https://ontology.tesseract.academy/modip/object/f1684b5c-82ed-394b-a052-867a4c2d0ea9,P67_refers_to
https://ontology.tesseract.academy/modip/object/6c44fd62-6fce-3f3a-82cc-a0a29c9cc309,https://ontology.tesseract.academy/modip/object/11946f8d-9127-388d-8c79-9de314aa8022,P67_refers_to
https://ontology.tesseract.academy/modip/object/f1684b5c-82ed-394b-a052-867a4c2d0ea9,https://ontology.tesseract.academy/modip/object/b919c92e-572d-31c6-8e3c-17db89b0ec9b,P67_refers_to
https://ontology.tesseract.academy/modip/object/db7ae3aa-53ca-38db-be46-033a17c1f4a8,https://ontology.tesseract.academy/modip/object/179f158f-ea31-3ea1-a607-4edec9f6d2e0,P67_refers_to
https://ontology.tesseract.academy/modip/object/e0edb08c-db88-3e3a-9555-d5cdf227c885,https://ontology.tesseract.academy/modip/object/2e54eb3c-0485-3308-bae2-55dff7072e85,P67_refers_to
https://ontology.tesseract.academy/modip/object/e5f37a06-e51a-3d7d-97c1-033de2d71176,https://ontology.tesseract.academy/modip/object/b18a29f9-2c34-3d48-b169-05054d677039,P67_refers_to
https://ontology.tesseract.academy/modip/object/b18a29f9-2c34-3d48-b169-05054d677039,https://ontology.tesseract.academy/modip/object/e5f37a06-e51a-3d7d-97c1-033de2d71176,P67_refers_to
https://ontology.tesseract.academy/modip/object/179f158f-ea31-3ea1-a607-4edec9f6d2e0,https://ontology.tesseract.academy/modip/object/db7ae3aa-53ca-38db-be46-033a17c1f4a8,P67_refers_to
https://ontology.tesseract.academy/modip/object/4ff8bb92-a7a5-38ad-877e-10e516f2ac29,https://ontology.tesseract.academy/modip/object/7b0f9bae-e6a5-31af-a64d-3cdf11d713b3,P67_refers_to
https://ontology.tesseract.academy/modip/object/4ff8bb92-a7a5-38ad-877e-10e516f2ac29,https://ontology.tesseract.academy/modip/object/764cb630-1862-3bf6-bcb4-42c3324d08e8,P67_refers_to
https://ontology.tesseract.academy/modip/object/d5b2a58a-839a-3e35-9fe3-f65e0f7bb1d0,https://ontology.tesseract.academy/modip/object/b027ffda-8ce3-35d1-bd9a-3291573bcff1,P130_shows_features_of
https://ontology.tesseract.academy/modip/object/d5b2a58a-839a-3e35-9fe3-f65e0f7bb1d0,https://ontology.tesseract.academy/modip/object/7d303dc5-c66e-3542-9bc8-b616b3e3d62a,P130_shows_features_of
https://ontology.tesseract.academy/modip/object/b027ffda-8ce3-35d1-bd9a-3291573bcff1,https://ontology.tesseract.academy/modip/object/7d303dc5-c66e-3542-9bc8-b616b3e3d62a,P67_refers_to
https://ontology.tesseract.academy/modip/object/0e548c29-f5c9-373f-bcd3-60a62922efba,https://ontology.tesseract.academy/modip/object/0955c7f7-8bf3-3fa1-a644-7a1a42f86574,P67_refers_to
https://ontology.tesseract.academy/modip/object/7b0f9bae-e6a5-31af-a64d-3cdf11d713b3,https://ontology.tesseract.academy/modip/object/764cb630-1862-3bf6-bcb4-42c3324d08e8,P130_shows_features_of
https://ontology.tesseract.academy/modip/object/7b0f9bae-e6a5-31af-a64d-3cdf11d713b3,https://ontology.tesseract.academy/modip/object/4ff8bb92-a7a5-38ad-877e-10e516f2ac29,P130_shows_features_of
https://ontology.tesseract.academy/modip/object/7d303dc5-c66e-3542-9bc8-b616b3e3d62a,https://ontology.tesseract.academy/modip/object/b027ffda-8ce3-35d1-bd9a-3291573bcff1,P130_shows_features_of
https://ontology.tesseract.academy/modip/object/7d303dc5-c66e-3542-9bc8-b616b3e3d62a,https://ontology.tesseract.academy/modip/object/d5b2a58a-839a-3e35-9fe3-f65e0f7bb1d0,P130_shows_features_of
https://ontology.tesseract.academy/modip/object/385a697a-b568-3215-b77a-101da3cd37f8,https://ontology.tesseract.academy/modip/object/03020bc6-403b-3144-bb7c-113af035c166,P67_refers_to
https://ontology.tesseract.academy/modip/object/385a697a-b568-3215-b77a-101da3cd37f8,https://ontology.tesseract.academy/modip/object/9003ff5c-5a12-3dea-88e4-09a7fe4122cb,P67_refers_to
https://ontology.tesseract.academy/modip/object/3ae7aace-55d6-313a-b511-11dc96a7da4b,https://ontology.tesseract.academy/modip/object/7d303dc5-c66e-3542-9bc8-b616b3e3d62a,P67_refers_to
https://ontology.tesseract.academy/modip/object/3ae7aace-55d6-313a-b511-11dc96a7da4b,https://ontology.tesseract.academy/modip/object/d5b2a58a-839a-3e35-9fe3-f65e0f7bb1d0,P67_refers_to
https://ontology.tesseract.academy/modip/object/3ae7aace-55d6-313a-b511-11dc96a7da4b,https://ontology.tesseract.academy/modip/object/5f273ae5-e62c-3459-bc84-9e38a3127373,P67_refers_to
https://ontology.tesseract.academy/modip/object/3ae7aace-55d6-313a-b511-11dc96a7da4b,https://ontology.tesseract.academy/modip/object/ade5a3da-e259-335f-bd07-2063fb6dc7ac,P67_refers_to
https://ontology.tesseract.academy/modip/object/17b8d0fb-397b-3533-a46d-6b80d886e986,https://ontology.tesseract.academy/modip/object/84e8967a-6b33-36e8-88b8-327951e96abd,P67_refers_to
https://ontology.tesseract.academy/modip/object/17b8d0fb-397b-3533-a46d-6b80d886e986,https://ontology.tesseract.academy/modip/object/f41108f7-1fc6-37e8-870a-411addce8ffc,P67_refers_to
https://ontology.tesseract.academy/modip/object/84e8967a-6b33-36e8-88b8-327951e96abd,https://ontology.tesseract.academy/modip/object/17b8d0fb-397b-3533-a46d-6b80d886e986,P67_refers_to
https://ontology.tesseract.academy/modip/object/84e8967a-6b33-36e8-88b8-327951e96abd,https://ontology.tesseract.academy/modip/object/f41108f7-1fc6-37e8-870a-411addce8ffc,P67_refers_to
https://ontology.tesseract.academy/modip/object/f41108f7-1fc6-37e8-870a-411addce8ffc,https://ontology.tesseract.academy/modip/object/17b8d0fb-397b-3533-a46d-6b80d886e986,P67_refers_to
https://ontology.tesseract.academy/modip/object/f41108f7-1fc6-37e8-870a-411addce8ffc,https://ontology.tesseract.academy/modip/object/84e8967a-6b33-36e8-88b8-327951e96abd,P67_refers_to
https://ontology.tesseract.academy/modip/object/65f3b098-ad47-3356-a08d-3e284354e55e,https://ontology.tesseract.academy/modip/object/3fe8bdb0-f6f6-3d02-8b94-da64f5f662d8,P67_refers_to
https://ontology.tesseract.academy/modip/object/3fe8bdb0-f6f6-3d02-8b94-da64f5f662d8,https://ontology.tesseract.academy/modip/object/65f3b098-ad47-3356-a08d-3e284354e55e,P67_refers_to
https://ontology.tesseract.academy/modip/object/7dcd3cc5-7175-3cb6-b146-b37f8147edba,https://ontology.tesseract.academy/modip/object/a0901a59-de0f-3c01-ac01-a7f5a25887e3,P67_refers_to
https://ontology.tesseract.academy/modip/object/a0901a59-de0f-3c01-ac01-a7f5a25887e3,https://ontology.tesseract.academy/modip/object/7dcd3cc5-7175-3cb6-b146-b37f8147edba,P67_refers_to
https://ontology.tesseract.academy/modip/object/92951a50-392e-3081-bb62-5cbbc5788d69,https://ontology.tesseract.academy/modip/object/9a081828-9b2a-3951-b22b-2e13e8b2aaca,P67_refers_to
https://ontology.tesseract.academy/modip/object/ae9b018a-7cdc-3290-820a-3b27a46ef6f4,https://ontology.tesseract.academy/modip/object/29730e7e-5bcc-3434-980f-9ca1ce8823db,P67_refers_to
https://ontology.tesseract.academy/modip/object/72647a09-e2ad-3130-9f7f-535d9606840c,https://ontology.tesseract.academy/modip/object/23ecde51-39f4-306f-ad8c-7cd7d0fcd0ab,P67_refers_to
https://ontology.tesseract.academy/modip/object/23515c53-df14-3447-8016-e05d4bf329b7,https://ontology.tesseract.academy/modip/object/23ecde51-39f4-306f-ad8c-7cd7d0fcd0ab,P67_refers_to
https://ontology.tesseract.academy/modip/object/29730e7e-5bcc-3434-980f-9ca1ce8823db,https://ontology.tesseract.academy/modip/object/ae9b018a-7cdc-3290-820a-3b27a46ef6f4,P67_refers_to
https://ontology.tesseract.academy/modip/object/43fa3d8e-a2c8-37c5-8c7d-9b8a46cf8e7a,https://ontology.tesseract.academy/modip/object/23ecde51-39f4-306f-ad8c-7cd7d0fcd0ab,P67_refers_to
https://ontology.tesseract.academy/modip/object/c6971b3b-f587-3e9f-8e24-d7de941667e9,https://ontology.tesseract.academy/modip/object/23ecde51-39f4-306f-ad8c-7cd7d0fcd0ab,P67_refers_to
https://ontology.tesseract.academy/modip/object/23ecde51-39f4-306f-ad8c-7cd7d0fcd0ab,https://ontology.tesseract.academy/modip/object/72647a09-e2ad-3130-9f7f-535d9606840c,P67_refers_to
https://ontology.tesseract.academy/modip/object/23ecde51-39f4-306f-ad8c-7cd7d0fcd0ab,https://ontology.tesseract.academy/modip/object/c6971b3b-f587-3e9f-8e24-d7de941667e9,P67_refers_to
https://ontology.tesseract.academy/modip/object/1900affc-d85c-3d41-ad56-11bcc7c02b5f,https://ontology.tesseract.academy/modip/object/2eb65d12-28b2-3fd7-90bf-35da0605411a,P67_refers_to
https://ontology.tesseract.academy/modip/object/787ff31d-f65f-3326-8d99-ce095d461df8,https://ontology.tesseract.academy/modip/object/2eb65d12-28b2-3fd7-90bf-35da0605411a,P67_refers_to
https://ontology.tesseract.academy/modip/object/11c28e94-eee8-3453-93ea-80323530cf83,https://ontology.tesseract.academy/modip/object/b76414b1-4941-31e9-9e64-f621a2d632bf,P67_refers_to
https://ontology.tesseract.academy/modip/object/11c28e94-eee8-3453-93ea-80323530cf83,https://ontology.tesseract.academy/modip/object/bdea50bb-504c-3b14-aa92-45429e2afdc2,P67_refers_to
https://ontology.tesseract.academy/modip/object/86d415cc-02cf-3f5c-b0a4-83916ce21112,https://ontology.tesseract.academy/modip/object/e9f8ddca-9087-3075-ab42-956089e5599d,P67_refers_to
https://ontology.tesseract.academy/modip/object/86d415cc-02cf-3f5c-b0a4-83916ce21112,https://ontology.tesseract.academy/modip/object/217e6d10-6a61-3cf3-9d26-b3a530fba709,P67_refers_to
https://ontology.tesseract.academy/modip/object/92ad972f-8acf-3859-aee6-82ef90313488,https://ontology.tesseract.academy/modip/object/e9f8ddca-9087-3075-ab42-956089e5599d,P67_refers_to
https://ontology.tesseract.academy/modip/object/92ad972f-8acf-3859-aee6-82ef90313488,https://ontology.tesseract.academy/modip/object/217e6d10-6a61-3cf3-9d26-b3a530fba709,P67_refers_to
https://ontology.tesseract.academy/modip/object/b76414b1-4941-31e9-9e64-f621a2d632bf,https://ontology.tesseract.academy/modip/object/e9f8ddca-9087-3075-ab42-956089e5599d,P67_refers_to
https://ontology.tesseract.academy/modip/object/b76414b1-4941-31e9-9e64-f621a2d632bf,https://ontology.tesseract.academy/modip/object/217e6d10-6a61-3cf3-9d26-b3a530fba709,P67_refers_to
https://ontology.tesseract.academy/modip/object/2f6ede73-3d5f-3b4f-bf4e-04f4ee861bd0,https://ontology.tesseract.academy/modip/object/b76414b1-4941-31e9-9e64-f621a2d632bf,P67_refers_to
https://ontology.tesseract.academy/modip/object/2f6ede73-3d5f-3b4f-bf4e-04f4ee861bd0,https://ontology.tesseract.academy/modip/object/92ad972f-8acf-3859-aee6-82ef90313488,P67_refers_to
https://ontology.tesseract.academy/modip/object/110d52bc-871e-3a2c-bbc1-112f3ada4c2f,https://ontology.tesseract.academy/modip/object/b76414b1-4941-31e9-9e64-f621a2d632bf,P67_refers_to
https://ontology.tesseract.academy/modip/object/110d52bc-871e-3a2c-bbc1-112f3ada4c2f,https://ontology.tesseract.academy/modip/object/92ad972f-8acf-3859-aee6-82ef90313488,P67_refers_to
https://ontology.tesseract.academy/modip/object/a21bab4e-c5a3-373a-88ad-a2951627f1c1,https://ontology.tesseract.academy/modip/object/76e60f70-bee9-30f6-b404-832588383d58,P67_refers_to
https://ontology.tesseract.academy/modip/object/a21bab4e-c5a3-373a-88ad-a2951627f1c1,https://ontology.tesseract.academy/modip/object/c3b664dc-851c-31f7-82af-f617daa53b67,P67_refers_to
https://ontology.tesseract.academy/modip/object/e9f8ddca-9087-3075-ab42-956089e5599d,https://ontology.tesseract.academy/modip/object/b76414b1-4941-31e9-9e64-f621a2d632bf,P67_refers_to
https://ontology.tesseract.academy/modip/object/e9f8ddca-9087-3075-ab42-956089e5599d,https://ontology.tesseract.academy/modip/object/92ad972f-8acf-3859-aee6-82ef90313488,P67_refers_to
https://ontology.tesseract.academy/modip/object/249ce060-5999-3447-8e58-26b75c099eaf,https://ontology.tesseract.academy/modip/object/ca5c2ec4-21dd-3ab9-8688-932bc768c04b,P130_shows_features_of
https://ontology.tesseract.academy/modip/object/217e6d10-6a61-3cf3-9d26-b3a530fba709,https://ontology.tesseract.academy/modip/object/b76414b1-4941-31e9-9e64-f621a2d632bf,P67_refers_to
https://ontology.tesseract.academy/modip/object/217e6d10-6a61-3cf3-9d26-b3a530fba709,https://ontology.tesseract.academy/modip/object/92ad972f-8acf-3859-aee6-82ef90313488,P67_refers_to
https://ontology.tesseract.academy/modip/object/ca5c2ec4-21dd-3ab9-8688-932bc768c04b,https://ontology.tesseract.academy/modip/object/249ce060-5999-3447-8e58-26b75c099eaf,P130_shows_features_of
https://ontology.tesseract.academy/modip/object/b9337763-76a2-37c8-b824-419bcf3cae85,https://ontology.tesseract.academy/modip/object/ff30e718-26f0-33c4-be8f-5c2d26bfffee,P67_refers_to
https://ontology.tesseract.academy/modip/object/b9337763-76a2-37c8-b824-419bcf3cae85,https://ontology.tesseract.academy/modip/object/f6675494-9acf-3b3c-8fc9-bbe2a76cf9e5,P67_refers_to
https://ontology.tesseract.academy/modip/object/8fceb09c-35f5-35f1-bbdc-91b9970f1abe,https://ontology.tesseract.academy/modip/object/0e8b0cff-00c9-39cf-b3ea-5630e38da6f0,P67_refers_to
https://ontology.tesseract.academy/modip/object/ff30e718-26f0-33c4-be8f-5c2d26bfffee,https://ontology.tesseract.academy/modip/object/b9337763-76a2-37c8-b824-419bcf3cae85,P67_refers_to
https://ontology.tesseract.academy/modip/object/ff30e718-26f0-33c4-be8f-5c2d26bfffee,https://ontology.tesseract.academy/modip/object/f6675494-9acf-3b3c-8fc9-bbe2a76cf9e5,P67_refers_to
https://ontology.tesseract.academy/modip/object/f6675494-9acf-3b3c-8fc9-bbe2a76cf9e5,https://ontology.tesseract.academy/modip/object/b9337763-76a2-37c8-b824-419bcf3cae85,P67_refers_to
https://ontology.tesseract.academy/modip/object/dfa2502e-6181-35f8-a93c-d5be5ecfbcfe,https://ontology.tesseract.academy/modip/object/90a84af5-3641-35e4-bea2-0e4bf51683ed,P130_shows_features_of
https://ontology.tesseract.academy/modip/object/dfa2502e-6181-35f8-a93c-d5be5ecfbcfe,https://ontology.tesseract.academy/modip/object/b9337763-76a2-37c8-b824-419bcf3cae85,P130_shows_features_of
https://ontology.tesseract.academy/modip/object/dfa2502e-6181-35f8-a93c-d5be5ecfbcfe,https://ontology.tesseract.academy/modip/object/f6675494-9acf-3b3c-8fc9-bbe2a76cf9e5,P130_shows_features_of
https://ontology.tesseract.academy/modip/object/53333b30-edb4-322a-9e47-463502ddc259,https://ontology.tesseract.academy/modip/object/e1762d69-ee5f-3672-a4c9-a442bb9b7ee2,P67_refers_to
https://ontology.tesseract.academy/modip/object/90a84af5-3641-35e4-bea2-0e4bf51683ed,https://ontology.tesseract.academy/modip/object/dfa2502e-6181-35f8-a93c-d5be5ecfbcfe,P130_shows_features_of
https://ontology.tesseract.academy/modip/object/90a84af5-3641-35e4-bea2-0e4bf51683ed,https://ontology.tesseract.academy/modip/object/b9337763-76a2-37c8-b824-419bcf3cae85,P130_shows_features_of
https://ontology.tesseract.academy/modip/object/90a84af5-3641-35e4-bea2-0e4bf51683ed,https://ontology.tesseract.academy/modip/object/f6675494-9acf-3b3c-8fc9-bbe2a76cf9e5,P130_shows_features_of
https://ontology.tesseract.academy/modip/object/c0d85f75-578d-3110-b608-98925e95e977,https://ontology.tesseract.academy/modip/object/dfa2502e-6181-35f8-a93c-d5be5ecfbcfe,P130_shows_features_of
https://ontology.tesseract.academy/modip/object/c0d85f75-578d-3110-b608-98925e95e977,https://ontology.tesseract.academy/modip/object/b9337763-76a2-37c8-b824-419bcf3cae85,P130_shows_features_of
https://ontology.tesseract.academy/modip/object/c0d85f75-578d-3110-b608-98925e95e977,https://ontology.tesseract.academy/modip/object/f6675494-9acf-3b3c-8fc9-bbe2a76cf9e5,P130_shows_features_of
https://ontology.tesseract.academy/modip/object/50a4b496-24ae-3ed0-a5fb-354f36651953,https://ontology.tesseract.academy/modip/object/d04edb5f-58fd-3050-9fbd-50c2ea09d42a,P130_shows_features_of
https://ontology.tesseract.academy/modip/object/4234a47d-35eb-33ab-b6ff-b1c9b9ea3a54,https://ontology.tesseract.academy/modip/object/7cb267b6-89d5-3a44-8504-b91995c9dd87,P67_refers_to
https://ontology.tesseract.academy/modip/object/3d87d59e-476b-3d0f-8031-2efbdedbeffd,https://ontology.tesseract.academy/modip/object/7cb267b6-89d5-3a44-8504-b91995c9dd87,P130_shows_features_of
https://ontology.tesseract.academy/modip/object/f49b50c8-56d0-3429-95d8-66bcac292038,https://ontology.tesseract.academy/modip/object/7cb267b6-89d5-3a44-8504-b91995c9dd87,P130_shows_features_of
https://ontology.tesseract.academy/modip/object/6ea88db9-c996-3b76-a569-15df9b355eab,https://ontology.tesseract.academy/modip/object/7cb267b6-89d5-3a44-8504-b91995c9dd87,P130_shows_features_of
https://ontology.tesseract.academy/modip/object/15d2b906-5318-3525-8b5c-fb3cdf39f14f,https://ontology.tesseract.academy/modip/object/d04edb5f-58fd-3050-9fbd-50c2ea09d42a,P67_refers_to
https://ontology.tesseract.academy/modip/object/e276355c-1fa6-307d-94b8-40983672ebee,https://ontology.tesseract.academy/modip/object/d04edb5f-58fd-3050-9fbd-50c2ea09d42a,P130_shows_features_of
https://ontology.tesseract.academy/modip/object/32694800-d793-3d81-aca2-d08a83f559e2,https://ontology.tesseract.academy/modip/object/d04edb5f-58fd-3050-9fbd-50c2ea09d42a,P130_shows_features_of
https://ontology.tesseract.academy/modip/object/f8d18be1-f5d5-3646-9c4d-b9ba3c9163fc,https://ontology.tesseract.academy/modip/object/7cb267b6-89d5-3a44-8504-b91995c9dd87,P130_shows_features_of
https://ontology.tesseract.academy/modip/object/620e8e2f-bb6d-3018-8fb4-5057ce8ea988,https://ontology.tesseract.academy/modip/object/bcdcd173-c7a7-3388-be3b-1a12c9af1423,P130_shows_features_of
https://ontology.tesseract.academy/modip/object/1343e377-853f-362c-b92e-f5c8d7ff0dd3,https://ontology.tesseract.academy/modip/object/43cf80de-ed95-3c7f-a4fa-0eb662723f2e,P67_refers_to
https://ontology.tesseract.academy/modip/object/cda30260-7576-3e73-8f29-d089c76851ba,https://ontology.tesseract.academy/modip/object/7cb267b6-89d5-3a44-8504-b91995c9dd87,P130_shows_features_of
https://ontology.tesseract.academy/modip/object/3daff4b6-fff7-3a82-a922-8ddb5b9d015a,https://ontology.tesseract.academy/modip/object/7cb267b6-89d5-3a44-8504-b91995c9dd87,P130_shows_features_of
https://ontology.tesseract.academy/modip/object/0917075e-cdb9-32fa-8b78-a10d8d895896,https://ontology.tesseract.academy/modip/object/7cb267b6-89d5-3a44-8504-b91995c9dd87,P130_shows_features_of
https://ontology.tesseract.academy/modip/object/a44af9d3-95bc-3f7e-8891-38f614fd97f1,https://ontology.tesseract.academy/modip/object/1c659ded-9a9b-3419-ac05-43b9f93e1200,P67_refers_to
https://ontology.tesseract.academy/modip/object/b38c3dba-966b-33d6-84b1-d36065187a54,https://ontology.tesseract.academy/modip/object/9bf628fa-35d2-39b1-a11a-d03e5f92bd3a,P130_shows_features_of
https://ontology.tesseract.academy/modip/object/1c10223c-f6ac-3dbb-b858-80fc023ba00a,https://ontology.tesseract.academy/modip/object/171d8654-7411-3f64-b848-7d16cc180c09,P67_refers_to
https://ontology.tesseract.academy/modip/object/ef64bcaf-5d5d-3a9e-b23c-0eecb0cb6790,https://ontology.tesseract.academy/modip/object/171d8654-7411-3f64-b848-7d16cc180c09,P67_refers_to
https://ontology.tesseract.academy/modip/object/05fe852b-ecaf-3ccd-8794-056bd2cc813a,https://ontology.tesseract.academy/modip/object/171d8654-7411-3f64-b848-7d16cc180c09,P67_refers_to
https://ontology.tesseract.academy/modip/object/2c2319d3-6936-37d0-a4ed-f2800258a8b3,https://ontology.tesseract.academy/modip/object/171d8654-7411-3f64-b848-7d16cc180c09,P67_refers_to
https://ontology.tesseract.academy/modip/object/a097fa88-a017-3d81-a565-49916920064a,https://ontology.tesseract.academy/modip/object/171d8654-7411-3f64-b848-7d16cc180c09,P67_refers_to
https://ontology.tesseract.academy/modip/object/138a6fe7-b6c5-3052-8707-568f232bdecd,https://ontology.tesseract.academy/modip/object/171d8654-7411-3f64-b848-7d16cc180c09,P67_refers_to
https://ontology.tesseract.academy/modip/object/dea039ca-e36e-3015-8d23-1e535e476a1a,https://ontology.tesseract.academy/modip/object/171d8654-7411-3f64-b848-7d16cc180c09,P67_refers_to
https://ontology.tesseract.academy/modip/object/8bc25876-7171-333d-8787-5d7263b65ed8,https://ontology.tesseract.academy/modip/object/171d8654-7411-3f64-b848-7d16cc180c09,P67_refers_to
https://ontology.tesseract.academy/modip/object/1e82eee6-ecd7-3371-9095-53348ee987c0,https://ontology.tesseract.academy/modip/object/7b7368a9-1c19-313b-80a6-fd345a36bc87,P67_refers_to
https://ontology.tesseract.academy/modip/object/99621752-6906-3c8b-9572-c688b424320f,https://ontology.tesseract.academy/modip/object/171d8654-7411-3f64-b848-7d16cc180c09,P67_refers_to
https://ontology.tesseract.academy/modip/object/4d462980-7aa0-3eb1-ae8d-f6adbf55bafd,https://ontology.tesseract.academy/modip/object/171d8654-7411-3f64-b848-7d16cc180c09,P67_refers_to
https://ontology.tesseract.academy/modip/object/d971d27e-5eef-39d6-b484-225f24575695,https://ontology.tesseract.academy/modip/object/0cf35dd2-8179-3765-8355-2c6ebf5ea6a5,P130_shows_features_of
https://ontology.tesseract.academy/modip/object/7b7368a9-1c19-313b-80a6-fd345a36bc87,https://ontology.tesseract.academy/modip/object/1e82eee6-ecd7-3371-9095-53348ee987c0,P67_refers_to
https://ontology.tesseract.academy/modip/object/d6ddb969-a3a3-391d-abf5-1fcd5a4fcfa1,https://ontology.tesseract.academy/modip/object/171d8654-7411-3f64-b848-7d16cc180c09,P67_refers_to
https://ontology.tesseract.academy/modip/object/e100187b-a596-30f9-b926-04da283247a6,https://ontology.tesseract.academy/modip/object/1e82eee6-ecd7-3371-9095-53348ee987c0,P67_refers_to
https://ontology.tesseract.academy/modip/object/0cf35dd2-8179-3765-8355-2c6ebf5ea6a5,https://ontology.tesseract.academy/modip/object/d971d27e-5eef-39d6-b484-225f24575695,P130_shows_features_of
https://ontology.tesseract.academy/modip/object/1f31e30a-675c-3473-a3b1-3cc2a9a8a6f6,https://ontology.tesseract.academy/modip/object/7ea71fc3-583d-387a-8963-eeae2b6b9c7c,P67_refers_to
https://ontology.tesseract.academy/modip/object/7ea71fc3-583d-387a-8963-eeae2b6b9c7c,https://ontology.tesseract.academy/modip/object/1f31e30a-675c-3473-a3b1-3cc2a9a8a6f6,P67_refers_to
https://ontology.tesseract.academy/modip/object/0f325023-67bd-3adc-9222-b244d0ec2c9d,https://ontology.tesseract.academy/modip/object/9576683b-3e7f-39d1-be81-e48500638b0b,P67_refers_to
https://ontology.tesseract.academy/modip/object/6ce7163f-99e7-39e1-90e3-08ab26fbce01,https://ontology.tesseract.academy/modip/object/e94f641a-1f85-39d5-91c9-ab1e0c7af7b7,P67_refers_to
https://ontology.tesseract.academy/modip/object/66f9e81a-747e-30af-935e-dd335fc71d62,https://ontology.tesseract.academy/modip/object/b36c1307-71e8-3b8b-97e3-802a876f681d,P130_shows_features_of
https://ontology.tesseract.academy/modip/object/b36c1307-71e8-3b8b-97e3-802a876f681d,https://ontology.tesseract.academy/modip/object/66f9e81a-747e-30af-935e-dd335fc71d62,P130_shows_features_of
https://ontology.tesseract.academy/modip/object/129d454e-c02d-3922-bab1-ad0e12a4ca58,https://ontology.tesseract.academy/modip/object/a64e0000-15a5-324f-b16a-a0d487dbdd2c,P67_refers_to
https://ontology.tesseract.academy/modip/object/0cc93308-cb08-34b4-9c3c-6ce39351805c,https://ontology.tesseract.academy/modip/object/e83bd606-cce2-3fca-a5c6-65f0aff699e5,P67_refers_to
https://ontology.tesseract.academy/modip/object/ba6a1794-3a82-3de4-b62b-2db6baab19a3,https://ontology.tesseract.academy/modip/object/304ea190-d171-342d-b9cc-d83a2b716a6f,P67_refers_to
https://ontology.tesseract.academy/modip/object/304ea190-d171-342d-b9cc-d83a2b716a6f,https://ontology.tesseract.academy/modip/object/ba6a1794-3a82-3de4-b62b-2db6baab19a3,P67_refers_to
https://ontology.tesseract.academy/modip/object/ae188861-3c88-3761-ae74-8d97d0fe1666,https://ontology.tesseract.academy/modip/object/a64e0000-15a5-324f-b16a-a0d487dbdd2c,P67_refers_to
https://ontology.tesseract.academy/modip/object/88c919dd-e502-393c-8365-71c93677395d,https://ontology.tesseract.academy/modip/object/f8cf5870-dab4-3207-bf42-a4ab4c7810fe,P67_refers_to
https://ontology.tesseract.academy/modip/object/26de6de3-aa34-311d-990c-d35c025aea4c,https://ontology.tesseract.academy/modip/object/a64e0000-15a5-324f-b16a-a0d487dbdd2c,P67_refers_to
https://ontology.tesseract.academy/modip/object/072e1a85-0ab5-3d63-85d4-90bb312f221f,https://ontology.tesseract.academy/modip/object/a64e0000-15a5-324f-b16a-a0d487dbdd2c,P67_refers_to
https://ontology.tesseract.academy/modip/object/072e1a85-0ab5-3d63-85d4-90bb312f221f,https://ontology.tesseract.academy/modip/object/ae188861-3c88-3761-ae74-8d97d0fe1666,P67_refers_to
https://ontology.tesseract.academy/modip/object/b1fbb77a-f407-38fc-b157-a702144ed37b,https://ontology.tesseract.academy/modip/object/93befd0a-722c-3c90-b5f9-bee81fa40c8f,P67_refers_to
https://ontology.tesseract.academy/modip/object/ecd89aae-2871-3ba5-a32f-07ed0f491154,https://ontology.tesseract.academy/modip/object/4ae35136-25b8-3e52-b006-71919a9c08f8,P130_shows_features_of
https://ontology.tesseract.academy/modip/object/cb410a2b-3718-32e1-a6b9-07b2ac89b940,https://ontology.tesseract.academy/modip/object/6bd64ea0-40ec-3393-8389-123c0a932e24,P67_refers_to
https://ontology.tesseract.academy/modip/object/cb410a2b-3718-32e1-a6b9-07b2ac89b940,https://ontology.tesseract.academy/modip/object/b2e00918-98fc-39b6-b6db-3c162845ed84,P67_refers_to
https://ontology.tesseract.academy/modip/object/cb410a2b-3718-32e1-a6b9-07b2ac89b940,https://ontology.tesseract.academy/modip/object/c730dad1-165d-3b15-ae30-1f8a18bfda5b,P67_refers_to
https://ontology.tesseract.academy/modip/object/3df7339a-9f39-3ff4-a15e-97772d473231,https://ontology.tesseract.academy/modip/object/ed1de38b-bb6c-33bb-9581-6ac993f4107b,P67_refers_to
https://ontology.tesseract.academy/modip/object/ed1de38b-bb6c-33bb-9581-6ac993f4107b,https://ontology.tesseract.academy/modip/object/3df7339a-9f39-3ff4-a15e-97772d473231,P67_refers_to
https://ontology.tesseract.academy/modip/object/378e9232-eb92-3fb3-a1fc-35404ed6e04f,https://ontology.tesseract.academy/modip/object/0bcf5a9d-533c-3ab7-a440-035ff5ddec15,P67_refers_to
https://ontology.tesseract.academy/modip/object/5aa0800b-efa7-3fcf-88ab-4fbd5d232cdf,https://ontology.tesseract.academy/modip/object/8f56f640-d69d-3f39-85f3-067124312833,P67_refers_to
https://ontology.tesseract.academy/modip/object/5aa0800b-efa7-3fcf-88ab-4fbd5d232cdf,https://ontology.tesseract.academy/modip/object/765ae6bd-6f6e-3599-ba87-84ff38c4823e,P67_refers_to
https://ontology.tesseract.academy/modip/object/d4c15cc4-04f4-3fa0-b165-163fd553c573,https://ontology.tesseract.academy/modip/object/69310667-8ff7-3fa3-81cb-3f200f1af404,P67_refers_to
https://ontology.tesseract.academy/modip/object/163db8f2-acfb-355d-b029-ff36c803e6a1,https://ontology.tesseract.academy/modip/object/c600c123-439b-3ab8-9e45-3b2436d9dc22,P67_refers_to
https://ontology.tesseract.academy/modip/object/765ae6bd-6f6e-3599-ba87-84ff38c4823e,https://ontology.tesseract.academy/modip/object/8f56f640-d69d-3f39-85f3-067124312833,P67_refers_to
https://ontology.tesseract.academy/modip/object/765ae6bd-6f6e-3599-ba87-84ff38c4823e,https://ontology.tesseract.academy/modip/object/5aa0800b-efa7-3fcf-88ab-4fbd5d232cdf,P67_refers_to
https://ontology.tesseract.academy/modip/object/8f56f640-d69d-3f39-85f3-067124312833,https://ontology.tesseract.academy/modip/object/765ae6bd-6f6e-3599-ba87-84ff38c4823e,P67_refers_to
https://ontology.tesseract.academy/modip/object/8f56f640-d69d-3f39-85f3-067124312833,https://ontology.tesseract.academy/modip/object/5aa0800b-efa7-3fcf-88ab-4fbd5d232cdf,P67_refers_to
https://ontology.tesseract.academy/modip/object/b2f69e21-46d1-3ab4-b405-b118bbcad64e,https://ontology.tesseract.academy/modip/object/654e6eb2-1921-3c12-9e62-43e47b1b8754,P67_refers_to
https://ontology.tesseract.academy/modip/object/7f096ce9-314f-3ac6-8f91-51e48913006c,https://ontology.tesseract.academy/modip/object/308f54d5-7d0e-3c57-a3da-8ae14b8e5fb6,P67_refers_to
https://ontology.tesseract.academy/modip/object/0f2a7053-8378-3ac7-9bba-8e3b1f3157e6,https://ontology.tesseract.academy/modip/object/cfc3935e-9372-3cc7-a662-70a58e5c25a8,P130_shows_features_of
https://ontology.tesseract.academy/modip/object/a28537a0-ce6e-3647-9d0e-3ef84c237860,https://ontology.tesseract.academy/modip/object/654e6eb2-1921-3c12-9e62-43e47b1b8754,P67_refers_to
https://ontology.tesseract.academy/modip/object/cfc3935e-9372-3cc7-a662-70a58e5c25a8,https://ontology.tesseract.academy/modip/object/f27ca542-30f6-3f42-8292-028581f17cc4,P67_refers_to
https://ontology.tesseract.academy/modip/object/84444898-07fc-3134-9f01-a122ab8ddde4,https://ontology.tesseract.academy/modip/object/0f799ae9-205d-329e-bda4-3faaf86300e5,P67_refers_to
https://ontology.tesseract.academy/modip/object/abc6df76-81de-3c99-91de-54879f57bf0e,https://ontology.tesseract.academy/modip/object/80bbc1d8-3004-3e37-adb5-59355a53735d,P130_shows_features_of
https://ontology.tesseract.academy/modip/object/80bbc1d8-3004-3e37-adb5-59355a53735d,https://ontology.tesseract.academy/modip/object/abc6df76-81de-3c99-91de-54879f57bf0e,P67_refers_to
https://ontology.tesseract.academy/modip/object/d46fb941-0250-33b1-a4be-da23e2a0ec9a,https://ontology.tesseract.academy/modip/object/c63832dc-3ca8-3451-ae7b-41776b38a258,P67_refers_to
https://ontology.tesseract.academy/modip/object/cde55892-0fec-377f-a1d8-e9fc3410f455,https://ontology.tesseract.academy/modip/object/7a21151d-98fe-3cb1-ae71-e159ff85003f,P67_refers_to
https://ontology.tesseract.academy/modip/object/6547bc96-cbe2-3942-b0c0-f31e2627a995,https://ontology.tesseract.academy/modip/object/6ef68e87-8850-3e0c-85c7-e5cc93b615d9,P67_refers_to
https://ontology.tesseract.academy/modip/object/3de169f2-8d22-3221-883d-3affd9b44fe1,https://ontology.tesseract.academy/modip/object/fca58600-1d1c-3cf7-9ec1-ba13eaf11ac4,P130_shows_features_of
https://ontology.tesseract.academy/modip/object/2ba74108-b283-32c8-8648-73fc2a165ec4,https://ontology.tesseract.academy/modip/object/b89131ef-3cd8-356a-9e35-fc6cadc1dc85,P67_refers_to
https://ontology.tesseract.academy/modip/object/2fe91668-2755-3cd4-b6dd-1fc5a9519faa,https://ontology.tesseract.academy/modip/object/f38f2d15-71f4-33b0-8bbb-57300d68ec67,P67_refers_to
https://ontology.tesseract.academy/modip/object/f38f2d15-71f4-33b0-8bbb-57300d68ec67,https://ontology.tesseract.academy/modip/object/2fe91668-2755-3cd4-b6dd-1fc5a9519faa,P67_refers_to
https://ontology.tesseract.academy/modip/object/61a99624-783d-3758-bbf4-318d2143d53b,https://ontology.tesseract.academy/modip/object/45929abb-b025-3562-a031-b344a3190915,P130_shows_features_of
https://ontology.tesseract.academy/modip/object/35c62ff3-c1f7-3b81-b679-218a6edce920,https://ontology.tesseract.academy/modip/object/ca536f00-daa6-34bf-9a40-d0d77e2d3ae5,P67_refers_to
https://ontology.tesseract.academy/modip/object/ca536f00-daa6-34bf-9a40-d0d77e2d3ae5,https://ontology.tesseract.academy/modip/object/35c62ff3-c1f7-3b81-b679-218a6edce920,P67_refers_to
https://ontology.tesseract.academy/modip/object/6087a6b5-bade-3734-a879-279c3602adc6,https://ontology.tesseract.academy/modip/object/9005ad8c-2a7f-39c0-a2d4-c236b60c9dc8,P67_refers_to
https://ontology.tesseract.academy/modip/object/12e26af3-f3a6-319d-a4cf-2e38a01969d7,https://ontology.tesseract.academy/modip/object/7e3ced53-1ac4-3455-8c5c-3fb715c58995,P67_refers_to
https://ontology.tesseract.academy/modip/object/06da8547-2b10-3ed8-b100-1313e4939dcc,https://ontology.tesseract.academy/modip/object/9005ad8c-2a7f-39c0-a2d4-c236b60c9dc8,P67_refers_to
https://ontology.tesseract.academy/modip/object/06da8547-2b10-3ed8-b100-1313e4939dcc,https://ontology.tesseract.academy/modip/object/6087a6b5-bade-3734-a879-279c3602adc6,P67_refers_to
https://ontology.tesseract.academy/modip/object/d02ac432-68e3-35de-be9e-3a9387283a70,https://ontology.tesseract.academy/modip/object/7b0f9bae-e6a5-31af-a64d-3cdf11d713b3,P67_refers_to
https://ontology.tesseract.academy/modip/object/c0fa1038-ebb9-377d-9aa0-268ff835d101,https://ontology.tesseract.academy/modip/object/8b8c81e0-63ad-36e7-b61c-7fcb3becf2f2,P67_refers_to
https://ontology.tesseract.academy/modip/object/8b8c81e0-63ad-36e7-b61c-7fcb3becf2f2,https://ontology.tesseract.academy/modip/object/c0fa1038-ebb9-377d-9aa0-268ff835d101,P67_refers_to
https://ontology.tesseract.academy/modip/object/27621ab2-2493-3045-90b6-b37494023f1a,https://ontology.tesseract.academy/modip/object/fe212569-6e45-3b10-b37e-3e56658c9b25,P67_refers_to
https://ontology.tesseract.academy/modip/object/e4a51207-254e-3a9c-891e-ec1775c35e97,https://ontology.tesseract.academy/modip/object/c0fa1038-ebb9-377d-9aa0-268ff835d101,P67_refers_to
https://ontology.tesseract.academy/modip/object/3aa46996-57d8-3a4f-b825-7acb02fb61dd,https://ontology.tesseract.academy/modip/object/5b80269b-d9fd-376b-b58b-7ee065581d92,P67_refers_to
https://ontology.tesseract.academy/modip/object/5b01618d-bc66-303e-827c-f12d3f625280,https://ontology.tesseract.academy/modip/object/50017c67-2f75-3e64-a00d-326e595d9b5c,P130_shows_features_of
https://ontology.tesseract.academy/modip/object/50017c67-2f75-3e64-a00d-326e595d9b5c,https://ontology.tesseract.academy/modip/object/5b01618d-bc66-303e-827c-f12d3f625280,P67_refers_to
https://ontology.tesseract.academy/modip/object/a83f0c3c-2b66-3986-ab76-700a0fd04e9f,https://ontology.tesseract.academy/modip/object/9cdd14b6-0b45-31b0-91c2-978e3a205a6e,P130_shows_features_of
https://ontology.tesseract.academy/modip/object/9cdd14b6-0b45-31b0-91c2-978e3a205a6e,https://ontology.tesseract.academy/modip/object/a83f0c3c-2b66-3986-ab76-700a0fd04e9f,P130_shows_features_of
https://ontology.tesseract.academy/modip/object/8ea50931-1af1-31fc-99c0-d90f5cab6d38,https://ontology.tesseract.academy/modip/object/77468407-c4d7-345f-b481-2ed13c5a0fda,P67_refers_to
https://ontology.tesseract.academy/modip/object/77468407-c4d7-345f-b481-2ed13c5a0fda,https://ontology.tesseract.academy/modip/object/8ea50931-1af1-31fc-99c0-d90f5cab6d38,P67_refers_to
https://ontology.tesseract.academy/modip/object/8ba5c7b5-8b78-3684-8109-22e6b061b011,https://ontology.tesseract.academy/modip/object/0706d9f5-8e9b-32d7-a00e-4aafe8ba3aab,P130_shows_features_of
https://ontology.tesseract.academy/modip/object/ca63a8f7-f9c3-32ba-91e7-964f27147da6,https://ontology.tesseract.academy/modip/object/c4de76ff-401a-32ad-a08a-ca9a89e8a896,P67_refers_to
https://ontology.tesseract.academy/modip/object/c4de76ff-401a-32ad-a08a-ca9a89e8a896,https://ontology.tesseract.academy/modip/object/ca63a8f7-f9c3-32ba-91e7-964f27147da6,P67_refers_to
https://ontology.tesseract.academy/modip/object/04a67def-6e65-3c4b-810e-417d219bfd29,https://ontology.tesseract.academy/modip/object/fff8dde9-f66c-3132-8ecf-635ead86af79,P67_refers_to
https://ontology.tesseract.academy/modip/object/6626d879-6c4d-3baf-849d-2ef649d48284,https://ontology.tesseract.academy/modip/object/fff8dde9-f66c-3132-8ecf-635ead86af79,P67_refers_to
https://ontology.tesseract.academy/modip/object/e9567887-b2a1-3bf9-8a35-5fe61ceeb709,https://ontology.tesseract.academy/modip/object/fff8dde9-f66c-3132-8ecf-635ead86af79,P67_refers_to
https://ontology.tesseract.academy/modip/object/97fed405-b0f2-3812-98f5-aa15416a8967,https://ontology.tesseract.academy/modip/object/6a203e6d-675a-3b21-8c5d-f96e28243ad5,P67_refers_to
https://ontology.tesseract.academy/modip/object/47ca2ad2-d1cf-390e-8b7b-14789ed2d9ee,https://ontology.tesseract.academy/modip/object/d5ae79dc-2ff3-303b-a570-982a04b05623,P67_refers_to
https://ontology.tesseract.academy/modip/object/d5ae79dc-2ff3-303b-a570-982a04b05623,https://ontology.tesseract.academy/modip/object/47ca2ad2-d1cf-390e-8b7b-14789ed2d9ee,P67_refers_to
